City,Score,Age,Count
LA,81.66666666666667,29.0,3
NY,81.0,25.61904761904762,3
SF,91.5,37.5,2
